<keymap version="1" name="asmundh vscode" parent="Visual Studio">
  <action id="ActivateProjectToolWindow">
    <keyboard-shortcut first-keystroke="ctrl alt l" />
    <keyboard-shortcut first-keystroke="alt 1" />
    <keyboard-shortcut first-keystroke="ctrl b" />
  </action>
  <action id="ActivateTerminalToolWindow">
    <keyboard-shortcut first-keystroke="alt t" />
  </action>
  <action id="Adtui.ZoomOutAction">
    <keyboard-shortcut first-keystroke="ctrl subtract" />
  </action>
  <action id="Android.Designer.AutoArrange" />
  <action id="Arrangement.Alias.Rule.Match.Condition.Move.Down" />
  <action id="Arrangement.Rule.Edit" />
  <action id="Arrangement.Rule.Group.Condition.Move.Down" />
  <action id="Arrangement.Rule.Group.Condition.Move.Up" />
  <action id="Arrangement.Rule.Match.Condition.Move.Down" />
  <action id="Arrangement.Rule.Match.Condition.Move.Up" />
  <action id="Back">
    <keyboard-shortcut first-keystroke="ctrl subtract" />
    <mouse-shortcut keystroke="button4" />
  </action>
  <action id="BookmarksView.Rename" />
  <action id="CloseActiveTab" />
  <action id="CloseContent" />
  <action id="CodeCompletion">
    <keyboard-shortcut first-keystroke="ctrl space" />
  </action>
  <action id="CollapseAll">
    <keyboard-shortcut first-keystroke="ctrl subtract" />
  </action>
  <action id="CollapseExpandableComponent">
    <keyboard-shortcut first-keystroke="shift enter" />
    <keyboard-shortcut first-keystroke="ctrl subtract" />
  </action>
  <action id="CommentByBlockComment" />
  <action id="CommentByLineComment">
    <keyboard-shortcut first-keystroke="shift ctrl 7" />
  </action>
  <action id="CompareTwoFiles" />
  <action id="Console.Execute.Multiline" />
  <action id="Console.Jdbc.Execute">
    <keyboard-shortcut first-keystroke="shift ctrl d" />
  </action>
  <action id="Console.TableResult.CompareCells" />
  <action id="Console.TableResult.DeleteRows">
    <keyboard-shortcut first-keystroke="shift ctrl l" />
  </action>
  <action id="Console.TableResult.EditValue">
    <keyboard-shortcut first-keystroke="enter" />
    <keyboard-shortcut first-keystroke="alt enter" />
  </action>
  <action id="Console.TableResult.FindInGrid" />
  <action id="Console.TableResult.Submit" />
  <action id="Debugger.EditArrayFilter" />
  <action id="Debugger.EditCustomField" />
  <action id="Diff.ShowDiff" />
  <action id="Diff.ShowSettingsPopup" />
  <action id="DirDiffMenu.SynchronizeDiff.All" />
  <action id="EditorCloneCaretAbove">
    <keyboard-shortcut first-keystroke="shift ctrl up" />
  </action>
  <action id="EditorCloneCaretBelow">
    <keyboard-shortcut first-keystroke="shift ctrl down" />
  </action>
  <action id="EditorDecreaseFontSize">
    <keyboard-shortcut first-keystroke="ctrl minus" />
    <mouse-shortcut keystroke="control button142" />
  </action>
  <action id="EditorDeleteLine">
    <keyboard-shortcut first-keystroke="shift ctrl l" />
  </action>
  <action id="EditorDuplicate" />
  <action id="EditorIncreaseFontSize">
    <keyboard-shortcut first-keystroke="ctrl plus" />
    <mouse-shortcut keystroke="control button143" />
  </action>
  <action id="EditorSelectWord">
    <keyboard-shortcut first-keystroke="shift alt equals" />
    <keyboard-shortcut first-keystroke="ctrl alt right" />
  </action>
  <action id="EditorStartNewLine">
    <keyboard-shortcut first-keystroke="ctrl enter" />
  </action>
  <action id="EditorStartNewLineBefore" />
  <action id="EditorUnSelectWord">
    <keyboard-shortcut first-keystroke="shift alt minus" />
    <keyboard-shortcut first-keystroke="ctrl alt left" />
  </action>
  <action id="ExternalSystem.CollapseAll">
    <keyboard-shortcut first-keystroke="ctrl subtract" />
  </action>
  <action id="FileChooser.GotoDesktop" />
  <action id="FileChooser.TogglePathShowing" />
  <action id="Find">
    <keyboard-shortcut first-keystroke="ctrl f" />
  </action>
  <action id="FindNext">
    <keyboard-shortcut first-keystroke="f3" />
    <keyboard-shortcut first-keystroke="ctrl alt page_down" />
    <keyboard-shortcut first-keystroke="shift alt slash" />
  </action>
  <action id="FindPrevious">
    <keyboard-shortcut first-keystroke="shift f3" />
    <keyboard-shortcut first-keystroke="ctrl alt page_up" />
  </action>
  <action id="GotoAction" />
  <action id="GotoBookmark0" />
  <action id="GotoBookmark1" />
  <action id="GotoBookmark2" />
  <action id="GotoBookmark3" />
  <action id="GotoBookmark4" />
  <action id="GotoBookmark5" />
  <action id="GotoBookmark6" />
  <action id="GotoBookmark7" />
  <action id="GotoBookmark8" />
  <action id="GotoBookmark9" />
  <action id="GotoDeclaration">
    <keyboard-shortcut first-keystroke="f12" />
    <mouse-shortcut keystroke="control button1" />
    <mouse-shortcut keystroke="button2" />
    <keyboard-shortcut first-keystroke="f2" />
  </action>
  <action id="GotoFile">
    <keyboard-shortcut first-keystroke="ctrl p" />
  </action>
  <action id="GotoNextBookmark" />
  <action id="GotoPreviousBookmark" />
  <action id="Gradle.ExecuteTask">
    <keyboard-shortcut first-keystroke="shift ctrl g" />
  </action>
  <action id="GuiDesigner.Duplicate" />
  <action id="GuiDesigner.EditComponent" />
  <action id="GuiDesigner.EditGroup" />
  <action id="GuiDesigner.ShrinkSelection">
    <keyboard-shortcut first-keystroke="shift alt minus" />
    <keyboard-shortcut first-keystroke="ctrl alt left" />
  </action>
  <action id="Images.Editor.ZoomOut">
    <keyboard-shortcut first-keystroke="ctrl subtract" />
  </action>
  <action id="ImplementMethods" />
  <action id="IncrementalSearch" />
  <action id="JupyterNotebookMoveCellDownCommandModeAction">
    <keyboard-shortcut first-keystroke="alt down" />
  </action>
  <action id="JupyterNotebookMoveCellUpCommandModeAction">
    <keyboard-shortcut first-keystroke="alt up" />
  </action>
  <action id="KotlinShellExecute" />
  <action id="Maven.CollapseAll">
    <keyboard-shortcut first-keystroke="ctrl subtract" />
  </action>
  <action id="MethodDown" />
  <action id="MethodUp" />
  <action id="MoveLineDown">
    <keyboard-shortcut first-keystroke="alt down" />
    <keyboard-shortcut first-keystroke="alt j" />
  </action>
  <action id="MoveLineUp">
    <keyboard-shortcut first-keystroke="alt up" />
    <keyboard-shortcut first-keystroke="alt k" />
  </action>
  <action id="MoveTabRight">
    <keyboard-shortcut first-keystroke="shift ctrl w" />
  </action>
  <action id="NextSplitter">
    <keyboard-shortcut first-keystroke="ctrl l" />
  </action>
  <action id="OpenFile">
    <keyboard-shortcut first-keystroke="ctrl o" />
    <keyboard-shortcut first-keystroke="ctrl k" second-keystroke="ctrl o" />
  </action>
  <action id="OptimizeImports">
    <keyboard-shortcut first-keystroke="ctrl i" />
  </action>
  <action id="Pause">
    <keyboard-shortcut first-keystroke="ctrl alt cancel" />
    <keyboard-shortcut first-keystroke="ctrl pause" />
  </action>
  <action id="PrevSplitter">
    <keyboard-shortcut first-keystroke="ctrl h" />
  </action>
  <action id="Print" />
  <action id="Replace" />
  <action id="RerunFailedTests">
    <keyboard-shortcut first-keystroke="ctrl 9" />
  </action>
  <action id="ResourceExplorer.show" />
  <action id="Run">
    <keyboard-shortcut first-keystroke="ctrl 8" />
  </action>
  <action id="RunDashboard.CopyConfiguration" />
  <action id="SelectInProjectView">
    <keyboard-shortcut first-keystroke="alt z" />
  </action>
  <action id="SendEOF" />
  <action id="ShowBookmarks" />
  <action id="ShowContent" />
  <action id="ShowErrorDescription" />
  <action id="ShowSearchHistory" />
  <action id="ShowSettings">
    <keyboard-shortcut first-keystroke="ctrl alt s" />
    <keyboard-shortcut first-keystroke="shift ctrl p" />
  </action>
  <action id="SmartSelect">
    <keyboard-shortcut first-keystroke="shift alt equals" />
    <keyboard-shortcut first-keystroke="ctrl alt right" />
  </action>
  <action id="SmartUnSelect">
    <keyboard-shortcut first-keystroke="shift alt minus" />
    <keyboard-shortcut first-keystroke="ctrl alt left" />
  </action>
  <action id="SplitChooser.Duplicate" />
  <action id="Table-startEditing" />
  <action id="TableResult.GrowSelection">
    <keyboard-shortcut first-keystroke="shift alt equals" />
    <keyboard-shortcut first-keystroke="ctrl alt right" />
  </action>
  <action id="TableResult.ShrinkSelection">
    <keyboard-shortcut first-keystroke="shift alt minus" />
    <keyboard-shortcut first-keystroke="ctrl alt left" />
  </action>
  <action id="Terminal.ClearBuffer" />
  <action id="Terminal.SmartCommandExecution.Run" />
  <action id="TerminalIncreaseFontSize">
    <keyboard-shortcut first-keystroke="shift ctrl plus" />
  </action>
  <action id="ToggleBookmark" />
  <action id="ToggleBookmark0" />
  <action id="ToggleBookmark1" />
  <action id="ToggleBookmark2" />
  <action id="ToggleBookmark3" />
  <action id="ToggleBookmark4" />
  <action id="ToggleBookmark5" />
  <action id="ToggleBookmark6" />
  <action id="ToggleBookmark7" />
  <action id="ToggleBookmark8" />
  <action id="ToggleBookmark9" />
  <action id="ToggleBookmarkWithMnemonic" />
  <action id="Tree-startEditing" />
  <action id="UML.Find" />
  <action id="Uml.ShowDiff" />
  <action id="UsageView.ShowRecentFindUsages" />
  <action id="Vcs.Log.GoToRef" />
  <action id="Vcs.ShowMessageHistory" />
  <action id="ViewSource" />
  <action id="XDebugger.CopyWatch" />
  <action id="XDebugger.EditWatch" />
  <action id="XDebugger.SetValue" />
  <action id="openAssertEqualsDiff" />
  <action id="org.intellij.plugins.markdown.ui.actions.styling.ToggleBoldAction" />
  <action id="org.intellij.plugins.markdown.ui.actions.styling.ToggleItalicAction" />
  <action id="wu.seal.wu.seal.jsontokotlin.makekotlindata" />
</keymap>